Fecha,Año,Mes,Oficina,Zona,Tipo_Producto,Cartera_Total,Cartera_Vigente,Cartera_Vencida,Ratio_Mora,Tasa_Promedio,Numero_Clientes,Ticket_Promedio
2024-01-01,2024,01,AG. LIMA 1,Zona Lima,Crédito PYME Comercial,57233.05,57233.05,0.0,0.0,23.58,1,57233.05
2024-01-01,2024,01,AG. LIMA 1,Zona Lima,Crédito Vehicular,188586.83,188586.83,0.0,0.0,22.29,1,188586.83
2024-01-01,2024,01,AG. LIMA 2,Zona Lima,Crédito Efectivo Personal,231785.52,231785.52,0.0,0.0,25.37,1,231785.52
2024-01-01,2024,01,AG. LIMA 2,Zona Lima,Crédito Vehicular,154812.85,154812.85,0.0,0.0,29.84,1,154812.85
2024-01-01,2024,01,AG. NORTE 6,Zona Norte,Crédito PYME Comercial,227388.63,227388.63,0.0,0.0,24.19,1,227388.63
2024-01-01,2024,01,AG. NORTE 6,Zona Norte,Tarjeta de Crédito CMR,68624.93,68624.93,0.0,0.0,29.89,1,68624.93
2024-01-01,2024,01,AG. ORIENTE 2,Zona Oriente,Crédito Efectivo Personal,146184.24,0.0,146184.24,100.0,26.97,1,146184.24
2024-01-01,2024,01,AG. ORIENTE 2,Zona Oriente,Crédito Vehicular,120646.82,0.0,120646.82,100.0,34.18,1,120646.82
2024-01-01,2024,01,AG. SUR 1,Zona Sur,Crédito Vehicular,203539.29,203539.29,0.0,0.0,19.98,1,203539.29
2024-01-01,2024,01,AG. SUR 1,Zona Sur,Tarjeta de Crédito CMR,118005.97,118005.97,0.0,0.0,22.19,1,118005.97
2024-01-01,2024,01,AG. SUR 2,Zona Sur,Crédito Vehicular,187383.81,187383.81,0.0,0.0,21.41,2,93691.9
2024-01-01,2024,01,AG. SUR 3,Zona Sur,Crédito Efectivo Personal,146838.31,0.0,146838.31,100.0,30.11,1,146838.31
2024-01-01,2024,01,AG. SUR 3,Zona Sur,Crédito Vehicular,173056.42,0.0,173056.42,100.0,28.97,1,173056.42
2024-01-01,2024,01,OF. PRINCIPAL,Zona Lima,Crédito PYME Comercial,150679.59,150679.59,0.0,0.0,23.35,1,150679.59
2024-01-01,2024,01,OF. PRINCIPAL,Zona Lima,Tarjeta de Crédito CMR,115576.68,115576.68,0.0,0.0,24.91,1,115576.68
2024-02-01,2024,02,AG. LIMA 1,Zona Lima,Crédito Efectivo Personal,246939.11,246939.11,0.0,0.0,31.42,1,246939.11
2024-02-01,2024,02,AG. LIMA 1,Zona Lima,Crédito PYME Comercial,126211.25,126211.25,0.0,0.0,28.24,1,126211.25
2024-02-01,2024,02,AG. LIMA 2,Zona Lima,Crédito Vehicular,222403.4,222403.4,0.0,0.0,18.45,1,222403.4
2024-02-01,2024,02,AG. LIMA 2,Zona Lima,Tarjeta de Crédito CMR,110972.71,110972.71,0.0,0.0,20.61,1,110972.71
2024-02-01,2024,02,AG. NORTE 6,Zona Norte,Crédito Efectivo Personal,102262.39,102262.39,0.0,0.0,27.88,1,102262.39
2024-02-01,2024,02,AG. NORTE 6,Zona Norte,Tarjeta de Crédito CMR,46269.55,46269.55,0.0,0.0,27.64,1,46269.55
2024-02-01,2024,02,AG. ORIENTE 2,Zona Oriente,Crédito PYME Comercial,110416.02,0.0,110416.02,100.0,26.36,2,55208.01
2024-02-01,2024,02,AG. SUR 1,Zona Sur,Crédito Efectivo Personal,180672.71,180672.71,0.0,0.0,25.31,2,90336.35
2024-02-01,2024,02,AG. SUR 2,Zona Sur,Crédito PYME Comercial,62967.86,62967.86,0.0,0.0,27.21,1,62967.86
2024-02-01,2024,02,AG. SUR 2,Zona Sur,Tarjeta de Crédito CMR,167475.65,167475.65,0.0,0.0,25.75,1,167475.65
2024-02-01,2024,02,AG. SUR 3,Zona Sur,Crédito Efectivo Personal,127625.58,0.0,127625.58,100.0,22.38,1,127625.58
2024-02-01,2024,02,AG. SUR 3,Zona Sur,Crédito Vehicular,66338.84,0.0,66338.84,100.0,20.64,1,66338.84
2024-02-01,2024,02,OF. PRINCIPAL,Zona Lima,Crédito Vehicular,141024.12,141024.12,0.0,0.0,32.3,1,141024.12
2024-02-01,2024,02,OF. PRINCIPAL,Zona Lima,Tarjeta de Crédito CMR,128587.97,128587.97,0.0,0.0,21.52,1,128587.97
2024-03-01,2024,03,AG. LIMA 1,Zona Lima,Crédito Vehicular,148935.4,0.0,148935.4,100.0,27.89,1,148935.4
2024-03-01,2024,03,AG. LIMA 1,Zona Lima,Tarjeta de Crédito CMR,239955.14,0.0,239955.14,100.0,26.31,1,239955.14
2024-03-01,2024,03,AG. LIMA 2,Zona Lima,Crédito PYME Comercial,80215.28,0.0,80215.28,100.0,23.42,1,80215.28
2024-03-01,2024,03,AG. LIMA 2,Zona Lima,Tarjeta de Crédito CMR,216821.59,0.0,216821.59,100.0,29.64,1,216821.59
2024-03-01,2024,03,AG. NORTE 6,Zona Norte,Crédito PYME Comercial,447185.46,0.0,447185.46,100.0,31.88,2,223592.73
2024-03-01,2024,03,AG. ORIENTE 2,Zona Oriente,Crédito PYME Comercial,307812.11,0.0,307812.11,100.0,23.19,2,153906.05
2024-03-01,2024,03,AG. SUR 1,Zona Sur,Crédito Vehicular,212856.49,0.0,212856.49,100.0,23.18,1,212856.49
2024-03-01,2024,03,AG. SUR 1,Zona Sur,Tarjeta de Crédito CMR,87892.44,0.0,87892.44,100.0,19.43,1,87892.44
2024-03-01,2024,03,AG. SUR 2,Zona Sur,Crédito Vehicular,152584.27,0.0,152584.27,100.0,26.4,1,152584.27
2024-03-01,2024,03,AG. SUR 2,Zona Sur,Tarjeta de Crédito CMR,160845.6,0.0,160845.6,100.0,22.46,1,160845.6
2024-03-01,2024,03,AG. SUR 3,Zona Sur,Crédito Efectivo Personal,61909.5,0.0,61909.5,100.0,25.86,1,61909.5
2024-03-01,2024,03,AG. SUR 3,Zona Sur,Tarjeta de Crédito CMR,73925.1,0.0,73925.1,100.0,32.84,1,73925.1
2024-03-01,2024,03,OF. PRINCIPAL,Zona Lima,Crédito Vehicular,251064.65,0.0,251064.65,100.0,19.15,2,125532.32
2024-04-01,2024,04,AG. LIMA 1,Zona Lima,Crédito PYME Comercial,190588.39,190588.39,0.0,0.0,20.61,1,190588.39
2024-04-01,2024,04,AG. LIMA 1,Zona Lima,Tarjeta de Crédito CMR,181327.5,181327.5,0.0,0.0,31.25,1,181327.5
2024-04-01,2024,04,AG. LIMA 2,Zona Lima,Tarjeta de Crédito CMR,402765.81,402765.81,0.0,0.0,24.44,2,201382.9
2024-04-01,2024,04,AG. NORTE 6,Zona Norte,Crédito PYME Comercial,226113.47,226113.47,0.0,0.0,31.41,1,226113.47
2024-04-01,2024,04,AG. NORTE 6,Zona Norte,Tarjeta de Crédito CMR,212183.97,212183.97,0.0,0.0,32.95,1,212183.97
2024-04-01,2024,04,AG. ORIENTE 2,Zona Oriente,Crédito Efectivo Personal,93266.35,0.0,93266.35,100.0,18.63,1,93266.35
2024-04-01,2024,04,AG. ORIENTE 2,Zona Oriente,Crédito Vehicular,202656.13,0.0,202656.13,100.0,28.09,1,202656.13
2024-04-01,2024,04,AG. SUR 1,Zona Sur,Crédito Efectivo Personal,75593.2,75593.2,0.0,0.0,28.96,1,75593.2
2024-04-01,2024,04,AG. SUR 1,Zona Sur,Crédito PYME Comercial,87384.69,87384.69,0.0,0.0,28.3,1,87384.69
2024-04-01,2024,04,AG. SUR 2,Zona Sur,Crédito Efectivo Personal,58054.3,58054.3,0.0,0.0,28.56,1,58054.3
2024-04-01,2024,04,AG. SUR 2,Zona Sur,Tarjeta de Crédito CMR,35680.3,35680.3,0.0,0.0,18.4,1,35680.3
2024-04-01,2024,04,AG. SUR 3,Zona Sur,Crédito Vehicular,244599.91,0.0,244599.91,100.0,21.1,1,244599.91
2024-04-01,2024,04,AG. SUR 3,Zona Sur,Tarjeta de Crédito CMR,77424.66,0.0,77424.66,100.0,31.1,1,77424.66
2024-04-01,2024,04,OF. PRINCIPAL,Zona Lima,Crédito PYME Comercial,125087.81,125087.81,0.0,0.0,21.7,1,125087.81
2024-04-01,2024,04,OF. PRINCIPAL,Zona Lima,Crédito Vehicular,76300.8,76300.8,0.0,0.0,27.68,1,76300.8
2024-05-01,2024,05,AG. LIMA 1,Zona Lima,Crédito Efectivo Personal,171689.57,171689.57,0.0,0.0,28.08,1,171689.57
2024-05-01,2024,05,AG. LIMA 1,Zona Lima,Tarjeta de Crédito CMR,145137.04,145137.04,0.0,0.0,29.0,1,145137.04
2024-05-01,2024,05,AG. LIMA 2,Zona Lima,Crédito Efectivo Personal,35694.81,35694.81,0.0,0.0,30.92,1,35694.81
2024-05-01,2024,05,AG. LIMA 2,Zona Lima,Tarjeta de Crédito CMR,200016.04,200016.04,0.0,0.0,33.46,1,200016.04
2024-05-01,2024,05,AG. NORTE 6,Zona Norte,Crédito PYME Comercial,37519.66,37519.66,0.0,0.0,18.12,1,37519.66
2024-05-01,2024,05,AG. NORTE 6,Zona Norte,Crédito Vehicular,190699.4,190699.4,0.0,0.0,22.68,1,190699.4
2024-05-01,2024,05,AG. ORIENTE 2,Zona Oriente,Crédito Vehicular,326917.18,0.0,326917.18,100.0,19.74,2,163458.59
2024-05-01,2024,05,AG. SUR 1,Zona Sur,Crédito Efectivo Personal,238796.0,238796.0,0.0,0.0,22.49,1,238796.0
2024-05-01,2024,05,AG. SUR 1,Zona Sur,Crédito PYME Comercial,90509.12,90509.12,0.0,0.0,26.01,1,90509.12
2024-05-01,2024,05,AG. SUR 2,Zona Sur,Crédito Efectivo Personal,184792.93,184792.93,0.0,0.0,25.27,1,184792.93
2024-05-01,2024,05,AG. SUR 2,Zona Sur,Crédito Vehicular,191470.43,191470.43,0.0,0.0,32.45,1,191470.43
2024-05-01,2024,05,AG. SUR 3,Zona Sur,Crédito Efectivo Personal,178557.42,0.0,178557.42,100.0,23.23,1,178557.42
2024-05-01,2024,05,AG. SUR 3,Zona Sur,Crédito PYME Comercial,97689.12,0.0,97689.12,100.0,23.87,1,97689.12
2024-05-01,2024,05,OF. PRINCIPAL,Zona Lima,Crédito Efectivo Personal,302884.29,302884.29,0.0,0.0,31.9,2,151442.14
2024-06-01,2024,06,AG. LIMA 1,Zona Lima,Crédito Vehicular,433320.06,0.0,433320.06,100.0,22.91,2,216660.03
2024-06-01,2024,06,AG. LIMA 2,Zona Lima,Crédito Efectivo Personal,247858.86,0.0,247858.86,100.0,24.85,2,123929.43
2024-06-01,2024,06,AG. NORTE 6,Zona Norte,Crédito Efectivo Personal,177549.51,0.0,177549.51,100.0,20.47,1,177549.51
2024-06-01,2024,06,AG. NORTE 6,Zona Norte,Crédito Vehicular,199141.71,0.0,199141.71,100.0,18.12,1,199141.71
2024-06-01,2024,06,AG. ORIENTE 2,Zona Oriente,Crédito Efectivo Personal,123886.73,0.0,123886.73,100.0,31.94,1,123886.73
2024-06-01,2024,06,AG. ORIENTE 2,Zona Oriente,Crédito Vehicular,78472.98,0.0,78472.98,100.0,22.29,1,78472.98
2024-06-01,2024,06,AG. SUR 1,Zona Sur,Crédito Efectivo Personal,35042.4,0.0,35042.4,100.0,24.13,1,35042.4
2024-06-01,2024,06,AG. SUR 1,Zona Sur,Tarjeta de Crédito CMR,91652.57,0.0,91652.57,100.0,22.01,1,91652.57
2024-06-01,2024,06,AG. SUR 2,Zona Sur,Crédito Efectivo Personal,131576.79,0.0,131576.79,100.0,26.13,1,131576.79
2024-06-01,2024,06,AG. SUR 2,Zona Sur,Crédito PYME Comercial,146644.97,0.0,146644.97,100.0,21.92,1,146644.97
2024-06-01,2024,06,AG. SUR 3,Zona Sur,Crédito Efectivo Personal,177562.81,0.0,177562.81,100.0,22.39,1,177562.81
2024-06-01,2024,06,AG. SUR 3,Zona Sur,Crédito PYME Comercial,165513.12,0.0,165513.12,100.0,21.0,1,165513.12
2024-06-01,2024,06,OF. PRINCIPAL,Zona Lima,Crédito Vehicular,345091.33,0.0,345091.33,100.0,28.42,2,172545.67
2024-07-01,2024,07,AG. LIMA 1,Zona Lima,Crédito Vehicular,59810.17,59810.17,0.0,0.0,23.06,1,59810.17
2024-07-01,2024,07,AG. LIMA 1,Zona Lima,Tarjeta de Crédito CMR,93541.25,93541.25,0.0,0.0,23.12,1,93541.25
2024-07-01,2024,07,AG. LIMA 2,Zona Lima,Crédito PYME Comercial,191972.99,191972.99,0.0,0.0,18.87,1,191972.99
2024-07-01,2024,07,AG. LIMA 2,Zona Lima,Tarjeta de Crédito CMR,59019.93,59019.93,0.0,0.0,28.68,1,59019.93
2024-07-01,2024,07,AG. NORTE 6,Zona Norte,Tarjeta de Crédito CMR,261092.37,261092.37,0.0,0.0,27.43,2,130546.18
2024-07-01,2024,07,AG. ORIENTE 2,Zona Oriente,Crédito Vehicular,107743.48,0.0,107743.48,100.0,24.98,1,107743.48
2024-07-01,2024,07,AG. ORIENTE 2,Zona Oriente,Tarjeta de Crédito CMR,188904.66,0.0,188904.66,100.0,18.05,1,188904.66
2024-07-01,2024,07,AG. SUR 1,Zona Sur,Crédito PYME Comercial,259006.34,259006.34,0.0,0.0,22.09,2,129503.17
2024-07-01,2024,07,AG. SUR 2,Zona Sur,Crédito Efectivo Personal,40390.89,40390.89,0.0,0.0,29.31,1,40390.89
2024-07-01,2024,07,AG. SUR 2,Zona Sur,Tarjeta de Crédito CMR,129073.22,129073.22,0.0,0.0,21.48,1,129073.22
2024-07-01,2024,07,AG. SUR 3,Zona Sur,Crédito PYME Comercial,68736.13,0.0,68736.13,100.0,22.58,1,68736.13
2024-07-01,2024,07,AG. SUR 3,Zona Sur,Crédito Vehicular,161393.77,0.0,161393.77,100.0,19.68,1,161393.77
2024-07-01,2024,07,OF. PRINCIPAL,Zona Lima,Crédito Efectivo Personal,87723.33,87723.33,0.0,0.0,34.85,1,87723.33
2024-07-01,2024,07,OF. PRINCIPAL,Zona Lima,Tarjeta de Crédito CMR,123003.18,123003.18,0.0,0.0,25.86,1,123003.18
2024-08-01,2024,08,AG. LIMA 1,Zona Lima,Tarjeta de Crédito CMR,218787.49,218787.49,0.0,0.0,28.61,2,109393.74
2024-08-01,2024,08,AG. LIMA 2,Zona Lima,Crédito Efectivo Personal,146914.61,146914.61,0.0,0.0,22.95,1,146914.61
2024-08-01,2024,08,AG. LIMA 2,Zona Lima,Crédito Vehicular,156434.51,156434.51,0.0,0.0,20.32,1,156434.51
2024-08-01,2024,08,AG. NORTE 6,Zona Norte,Crédito Efectivo Personal,239083.39,239083.39,0.0,0.0,33.68,1,239083.39
2024-08-01,2024,08,AG. NORTE 6,Zona Norte,Crédito PYME Comercial,116944.36,116944.36,0.0,0.0,26.06,1,116944.36
2024-08-01,2024,08,AG. ORIENTE 2,Zona Oriente,Crédito Efectivo Personal,331045.46,0.0,331045.46,100.0,31.25,2,165522.73
2024-08-01,2024,08,AG. SUR 1,Zona Sur,Crédito Efectivo Personal,245698.12,245698.12,0.0,0.0,34.14,1,245698.12
2024-08-01,2024,08,AG. SUR 1,Zona Sur,Crédito Vehicular,243959.99,243959.99,0.0,0.0,25.4,1,243959.99
2024-08-01,2024,08,AG. SUR 2,Zona Sur,Crédito Efectivo Personal,100354.21,100354.21,0.0,0.0,23.61,1,100354.21
2024-08-01,2024,08,AG. SUR 2,Zona Sur,Crédito Vehicular,42834.87,42834.87,0.0,0.0,20.31,1,42834.87
2024-08-01,2024,08,AG. SUR 3,Zona Sur,Crédito PYME Comercial,155378.53,0.0,155378.53,100.0,22.37,1,155378.53
2024-08-01,2024,08,AG. SUR 3,Zona Sur,Crédito Vehicular,163481.97,0.0,163481.97,100.0,24.98,1,163481.97
2024-08-01,2024,08,OF. PRINCIPAL,Zona Lima,Crédito Efectivo Personal,223724.97,223724.97,0.0,0.0,28.71,1,223724.97
2024-08-01,2024,08,OF. PRINCIPAL,Zona Lima,Crédito Vehicular,190917.95,190917.95,0.0,0.0,32.29,1,190917.95
2024-09-01,2024,09,AG. LIMA 1,Zona Lima,Crédito PYME Comercial,37400.36,0.0,37400.36,100.0,34.24,1,37400.36
2024-09-01,2024,09,AG. LIMA 1,Zona Lima,Crédito Vehicular,242763.65,0.0,242763.65,100.0,25.74,1,242763.65
2024-09-01,2024,09,AG. LIMA 2,Zona Lima,Crédito PYME Comercial,302731.09,0.0,302731.09,100.0,32.99,2,151365.55
2024-09-01,2024,09,AG. NORTE 6,Zona Norte,Crédito Efectivo Personal,192146.09,0.0,192146.09,100.0,30.73,1,192146.09
2024-09-01,2024,09,AG. NORTE 6,Zona Norte,Crédito PYME Comercial,106303.25,0.0,106303.25,100.0,32.12,1,106303.25
2024-09-01,2024,09,AG. ORIENTE 2,Zona Oriente,Crédito PYME Comercial,89386.62,0.0,89386.62,100.0,22.32,1,89386.62
2024-09-01,2024,09,AG. ORIENTE 2,Zona Oriente,Tarjeta de Crédito CMR,216849.14,0.0,216849.14,100.0,21.56,1,216849.14
2024-09-01,2024,09,AG. SUR 1,Zona Sur,Crédito Efectivo Personal,64991.96,0.0,64991.96,100.0,34.44,1,64991.96
2024-09-01,2024,09,AG. SUR 1,Zona Sur,Crédito Vehicular,71167.1,0.0,71167.1,100.0,27.08,1,71167.1
2024-09-01,2024,09,AG. SUR 2,Zona Sur,Tarjeta de Crédito CMR,162523.88,0.0,162523.88,100.0,24.84,2,81261.94
2024-09-01,2024,09,AG. SUR 3,Zona Sur,Crédito PYME Comercial,105419.45,0.0,105419.45,100.0,23.33,1,105419.45
2024-09-01,2024,09,AG. SUR 3,Zona Sur,Tarjeta de Crédito CMR,159066.27,0.0,159066.27,100.0,27.02,1,159066.27
2024-09-01,2024,09,OF. PRINCIPAL,Zona Lima,Crédito Efectivo Personal,85594.65,0.0,85594.65,100.0,24.85,1,85594.65
2024-09-01,2024,09,OF. PRINCIPAL,Zona Lima,Crédito Vehicular,229814.21,0.0,229814.21,100.0,34.08,1,229814.21
2024-10-01,2024,10,AG. LIMA 1,Zona Lima,Crédito PYME Comercial,30546.34,30546.34,0.0,0.0,29.44,1,30546.34
2024-10-01,2024,10,AG. LIMA 1,Zona Lima,Crédito Vehicular,93322.85,93322.85,0.0,0.0,21.4,1,93322.85
2024-10-01,2024,10,AG. LIMA 2,Zona Lima,Crédito Efectivo Personal,311294.51,311294.51,0.0,0.0,24.82,2,155647.26
2024-10-01,2024,10,AG. NORTE 6,Zona Norte,Crédito Efectivo Personal,223559.69,223559.69,0.0,0.0,29.59,1,223559.69
2024-10-01,2024,10,AG. NORTE 6,Zona Norte,Tarjeta de Crédito CMR,239554.36,239554.36,0.0,0.0,18.45,1,239554.36
2024-10-01,2024,10,AG. ORIENTE 2,Zona Oriente,Crédito PYME Comercial,172392.31,0.0,172392.31,100.0,31.29,1,172392.31
2024-10-01,2024,10,AG. ORIENTE 2,Zona Oriente,Crédito Vehicular,65963.56,0.0,65963.56,100.0,22.48,1,65963.56
2024-10-01,2024,10,AG. SUR 1,Zona Sur,Crédito Efectivo Personal,223869.04,223869.04,0.0,0.0,22.97,1,223869.04
2024-10-01,2024,10,AG. SUR 1,Zona Sur,Crédito Vehicular,138652.25,138652.25,0.0,0.0,29.92,1,138652.25
2024-10-01,2024,10,AG. SUR 2,Zona Sur,Crédito Vehicular,199735.07,199735.07,0.0,0.0,26.01,1,199735.07
2024-10-01,2024,10,AG. SUR 2,Zona Sur,Tarjeta de Crédito CMR,136255.19,136255.19,0.0,0.0,33.34,1,136255.19
2024-10-01,2024,10,AG. SUR 3,Zona Sur,Crédito Vehicular,86624.0,0.0,86624.0,100.0,20.64,1,86624.0
2024-10-01,2024,10,AG. SUR 3,Zona Sur,Tarjeta de Crédito CMR,46735.51,0.0,46735.51,100.0,26.25,1,46735.51
2024-10-01,2024,10,OF. PRINCIPAL,Zona Lima,Crédito Efectivo Personal,77514.27,77514.27,0.0,0.0,18.86,1,77514.27
2024-10-01,2024,10,OF. PRINCIPAL,Zona Lima,Tarjeta de Crédito CMR,142061.12,142061.12,0.0,0.0,24.45,1,142061.12
2024-11-01,2024,11,AG. LIMA 1,Zona Lima,Crédito PYME Comercial,166960.71,166960.71,0.0,0.0,24.69,2,83480.35
2024-11-01,2024,11,AG. LIMA 2,Zona Lima,Crédito PYME Comercial,52760.09,52760.09,0.0,0.0,26.64,1,52760.09
2024-11-01,2024,11,AG. LIMA 2,Zona Lima,Tarjeta de Crédito CMR,175729.87,175729.87,0.0,0.0,34.14,1,175729.87
2024-11-01,2024,11,AG. NORTE 6,Zona Norte,Crédito PYME Comercial,73372.17,73372.17,0.0,0.0,27.43,1,73372.17
2024-11-01,2024,11,AG. NORTE 6,Zona Norte,Tarjeta de Crédito CMR,204524.27,204524.27,0.0,0.0,32.08,1,204524.27
2024-11-01,2024,11,AG. ORIENTE 2,Zona Oriente,Crédito PYME Comercial,127037.36,0.0,127037.36,100.0,19.65,1,127037.36
2024-11-01,2024,11,AG. ORIENTE 2,Zona Oriente,Tarjeta de Crédito CMR,54973.43,0.0,54973.43,100.0,23.9,1,54973.43
2024-11-01,2024,11,AG. SUR 1,Zona Sur,Crédito Efectivo Personal,88447.54,88447.54,0.0,0.0,20.63,1,88447.54
2024-11-01,2024,11,AG. SUR 1,Zona Sur,Crédito PYME Comercial,223403.92,223403.92,0.0,0.0,18.72,1,223403.92
2024-11-01,2024,11,AG. SUR 2,Zona Sur,Crédito Efectivo Personal,176093.82,176093.82,0.0,0.0,18.16,1,176093.82
2024-11-01,2024,11,AG. SUR 2,Zona Sur,Crédito Vehicular,151318.44,151318.44,0.0,0.0,26.03,1,151318.44
2024-11-01,2024,11,AG. SUR 3,Zona Sur,Crédito Efectivo Personal,186176.62,0.0,186176.62,100.0,29.51,2,93088.31
2024-11-01,2024,11,OF. PRINCIPAL,Zona Lima,Crédito PYME Comercial,61506.94,61506.94,0.0,0.0,27.72,1,61506.94
2024-11-01,2024,11,OF. PRINCIPAL,Zona Lima,Tarjeta de Crédito CMR,136086.6,136086.6,0.0,0.0,30.98,1,136086.6
2024-12-01,2024,12,AG. LIMA 1,Zona Lima,Crédito Efectivo Personal,127671.44,0.0,127671.44,100.0,22.69,1,127671.44
2024-12-01,2024,12,AG. LIMA 1,Zona Lima,Crédito PYME Comercial,225232.51,0.0,225232.51,100.0,31.87,1,225232.51
2024-12-01,2024,12,AG. LIMA 2,Zona Lima,Crédito Efectivo Personal,288771.69,0.0,288771.69,100.0,31.95,2,144385.85
2024-12-01,2024,12,AG. NORTE 6,Zona Norte,Crédito PYME Comercial,81255.42,0.0,81255.42,100.0,26.92,1,81255.42
2024-12-01,2024,12,AG. NORTE 6,Zona Norte,Tarjeta de Crédito CMR,195404.72,0.0,195404.72,100.0,18.87,1,195404.72
2024-12-01,2024,12,AG. ORIENTE 2,Zona Oriente,Crédito Efectivo Personal,48384.27,0.0,48384.27,100.0,21.56,1,48384.27
2024-12-01,2024,12,AG. ORIENTE 2,Zona Oriente,Tarjeta de Crédito CMR,62464.76,0.0,62464.76,100.0,34.4,1,62464.76
2024-12-01,2024,12,AG. SUR 1,Zona Sur,Crédito PYME Comercial,126538.5,0.0,126538.5,100.0,22.13,1,126538.5
2024-12-01,2024,12,AG. SUR 1,Zona Sur,Crédito Vehicular,182531.06,0.0,182531.06,100.0,22.82,1,182531.06
2024-12-01,2024,12,AG. SUR 2,Zona Sur,Crédito Vehicular,143556.97,0.0,143556.97,100.0,18.3,1,143556.97
2024-12-01,2024,12,AG. SUR 2,Zona Sur,Tarjeta de Crédito CMR,196794.15,0.0,196794.15,100.0,26.99,1,196794.15
2024-12-01,2024,12,AG. SUR 3,Zona Sur,Crédito Efectivo Personal,218643.38,0.0,218643.38,100.0,26.54,1,218643.38
2024-12-01,2024,12,AG. SUR 3,Zona Sur,Tarjeta de Crédito CMR,142368.82,0.0,142368.82,100.0,25.24,1,142368.82
2024-12-01,2024,12,OF. PRINCIPAL,Zona Lima,Crédito Efectivo Personal,173436.16,0.0,173436.16,100.0,19.62,1,173436.16
2024-12-01,2024,12,OF. PRINCIPAL,Zona Lima,Crédito PYME Comercial,67554.39,0.0,67554.39,100.0,20.75,1,67554.39
2025-01-01,2025,01,AG. LIMA 1,Zona Lima,Crédito Vehicular,408465.32,408465.32,0.0,0.0,26.67,2,204232.66
2025-01-01,2025,01,AG. LIMA 2,Zona Lima,Crédito Vehicular,162236.07,162236.07,0.0,0.0,32.83,1,162236.07
2025-01-01,2025,01,AG. LIMA 2,Zona Lima,Tarjeta de Crédito CMR,39606.63,39606.63,0.0,0.0,26.66,1,39606.63
2025-01-01,2025,01,AG. NORTE 6,Zona Norte,Crédito Efectivo Personal,204570.94,204570.94,0.0,0.0,20.63,1,204570.94
2025-01-01,2025,01,AG. NORTE 6,Zona Norte,Tarjeta de Crédito CMR,42304.49,42304.49,0.0,0.0,19.94,1,42304.49
2025-01-01,2025,01,AG. ORIENTE 2,Zona Oriente,Crédito Vehicular,180958.17,0.0,180958.17,100.0,21.44,1,180958.17
2025-01-01,2025,01,AG. ORIENTE 2,Zona Oriente,Tarjeta de Crédito CMR,85575.49,0.0,85575.49,100.0,20.46,1,85575.49
2025-01-01,2025,01,AG. SUR 1,Zona Sur,Crédito PYME Comercial,163492.74,163492.74,0.0,0.0,34.6,1,163492.74
2025-01-01,2025,01,AG. SUR 1,Zona Sur,Tarjeta de Crédito CMR,81909.08,81909.08,0.0,0.0,32.3,1,81909.08
2025-01-01,2025,01,AG. SUR 2,Zona Sur,Tarjeta de Crédito CMR,276223.66,276223.66,0.0,0.0,27.71,2,138111.83
2025-01-01,2025,01,AG. SUR 3,Zona Sur,Crédito Efectivo Personal,66970.43,0.0,66970.43,100.0,34.0,1,66970.43
2025-01-01,2025,01,AG. SUR 3,Zona Sur,Crédito PYME Comercial,161839.33,0.0,161839.33,100.0,19.85,1,161839.33
2025-01-01,2025,01,OF. PRINCIPAL,Zona Lima,Crédito PYME Comercial,48223.53,48223.53,0.0,0.0,19.64,1,48223.53
2025-01-01,2025,01,OF. PRINCIPAL,Zona Lima,Tarjeta de Crédito CMR,112717.54,112717.54,0.0,0.0,31.95,1,112717.54
2025-02-01,2025,02,AG. LIMA 1,Zona Lima,Crédito Vehicular,317563.54,317563.54,0.0,0.0,27.57,2,158781.77
2025-02-01,2025,02,AG. LIMA 2,Zona Lima,Crédito Efectivo Personal,150255.43,150255.43,0.0,0.0,29.77,1,150255.43
2025-02-01,2025,02,AG. LIMA 2,Zona Lima,Crédito PYME Comercial,203869.02,203869.02,0.0,0.0,26.58,1,203869.02
2025-02-01,2025,02,AG. NORTE 6,Zona Norte,Crédito Efectivo Personal,31554.02,31554.02,0.0,0.0,22.46,1,31554.02
2025-02-01,2025,02,AG. NORTE 6,Zona Norte,Tarjeta de Crédito CMR,57819.29,57819.29,0.0,0.0,25.39,1,57819.29
2025-02-01,2025,02,AG. ORIENTE 2,Zona Oriente,Crédito Efectivo Personal,189075.67,0.0,189075.67,100.0,32.97,1,189075.67
2025-02-01,2025,02,AG. ORIENTE 2,Zona Oriente,Crédito PYME Comercial,134129.08,0.0,134129.08,100.0,20.37,1,134129.08
2025-02-01,2025,02,AG. SUR 1,Zona Sur,Crédito PYME Comercial,198084.8,198084.8,0.0,0.0,25.29,1,198084.8
2025-02-01,2025,02,AG. SUR 1,Zona Sur,Crédito Vehicular,245125.12,245125.12,0.0,0.0,24.35,1,245125.12
2025-02-01,2025,02,AG. SUR 2,Zona Sur,Crédito PYME Comercial,133925.87,133925.87,0.0,0.0,28.36,1,133925.87
2025-02-01,2025,02,AG. SUR 2,Zona Sur,Crédito Vehicular,199942.72,199942.72,0.0,0.0,22.39,1,199942.72
2025-02-01,2025,02,AG. SUR 3,Zona Sur,Crédito Efectivo Personal,45638.5,0.0,45638.5,100.0,30.5,1,45638.5
2025-02-01,2025,02,AG. SUR 3,Zona Sur,Crédito PYME Comercial,244887.7,0.0,244887.7,100.0,25.07,1,244887.7
2025-02-01,2025,02,OF. PRINCIPAL,Zona Lima,Crédito PYME Comercial,187557.69,187557.69,0.0,0.0,21.12,1,187557.69
2025-02-01,2025,02,OF. PRINCIPAL,Zona Lima,Crédito Vehicular,230551.15,230551.15,0.0,0.0,29.39,1,230551.15
2025-03-01,2025,03,AG. LIMA 1,Zona Lima,Crédito Efectivo Personal,236070.13,0.0,236070.13,100.0,21.14,1,236070.13
2025-03-01,2025,03,AG. LIMA 1,Zona Lima,Tarjeta de Crédito CMR,113713.5,0.0,113713.5,100.0,27.24,1,113713.5
2025-03-01,2025,03,AG. LIMA 2,Zona Lima,Crédito PYME Comercial,240784.36,0.0,240784.36,100.0,20.59,1,240784.36
2025-03-01,2025,03,AG. LIMA 2,Zona Lima,Tarjeta de Crédito CMR,149685.33,0.0,149685.33,100.0,23.87,1,149685.33
2025-03-01,2025,03,AG. NORTE 6,Zona Norte,Crédito Efectivo Personal,179647.3,0.0,179647.3,100.0,24.33,1,179647.3
2025-03-01,2025,03,AG. NORTE 6,Zona Norte,Crédito Vehicular,43302.68,0.0,43302.68,100.0,32.15,1,43302.68
2025-03-01,2025,03,AG. ORIENTE 2,Zona Oriente,Tarjeta de Crédito CMR,416828.8,0.0,416828.8,100.0,28.11,2,208414.4
2025-03-01,2025,03,AG. SUR 1,Zona Sur,Crédito PYME Comercial,147727.48,0.0,147727.48,100.0,24.33,1,147727.48
2025-03-01,2025,03,AG. SUR 1,Zona Sur,Crédito Vehicular,154802.18,0.0,154802.18,100.0,20.16,1,154802.18
2025-03-01,2025,03,AG. SUR 2,Zona Sur,Crédito PYME Comercial,253727.14,0.0,253727.14,100.0,30.07,2,126863.57
2025-03-01,2025,03,AG. SUR 3,Zona Sur,Tarjeta de Crédito CMR,295572.62,0.0,295572.62,100.0,21.79,2,147786.31
2025-03-01,2025,03,OF. PRINCIPAL,Zona Lima,Crédito Vehicular,49368.16,0.0,49368.16,100.0,27.33,1,49368.16
2025-03-01,2025,03,OF. PRINCIPAL,Zona Lima,Tarjeta de Crédito CMR,36049.52,0.0,36049.52,100.0,19.42,1,36049.52
2025-04-01,2025,04,AG. LIMA 1,Zona Lima,Crédito PYME Comercial,242885.53,242885.53,0.0,0.0,19.92,1,242885.53
2025-04-01,2025,04,AG. LIMA 1,Zona Lima,Crédito Vehicular,247326.17,247326.17,0.0,0.0,33.85,1,247326.17
2025-04-01,2025,04,AG. LIMA 2,Zona Lima,Crédito Efectivo Personal,175192.59,175192.59,0.0,0.0,24.64,1,175192.59
2025-04-01,2025,04,AG. LIMA 2,Zona Lima,Tarjeta de Crédito CMR,130238.83,130238.83,0.0,0.0,33.24,1,130238.83
2025-04-01,2025,04,AG. NORTE 6,Zona Norte,Crédito Efectivo Personal,126030.19,126030.19,0.0,0.0,27.29,1,126030.19
2025-04-01,2025,04,AG. NORTE 6,Zona Norte,Crédito PYME Comercial,228949.3,228949.3,0.0,0.0,29.87,1,228949.3
2025-04-01,2025,04,AG. ORIENTE 2,Zona Oriente,Crédito Vehicular,286727.37,0.0,286727.37,100.0,24.67,2,143363.68
2025-04-01,2025,04,AG. SUR 1,Zona Sur,Crédito Efectivo Personal,246404.35,246404.35,0.0,0.0,19.16,1,246404.35
2025-04-01,2025,04,AG. SUR 1,Zona Sur,Crédito Vehicular,234460.74,234460.74,0.0,0.0,23.1,1,234460.74
2025-04-01,2025,04,AG. SUR 2,Zona Sur,Crédito PYME Comercial,233297.93,233297.93,0.0,0.0,20.86,1,233297.93
2025-04-01,2025,04,AG. SUR 2,Zona Sur,Tarjeta de Crédito CMR,81685.68,81685.68,0.0,0.0,32.6,1,81685.68
2025-04-01,2025,04,AG. SUR 3,Zona Sur,Crédito Efectivo Personal,246141.09,0.0,246141.09,100.0,34.25,1,246141.09
2025-04-01,2025,04,AG. SUR 3,Zona Sur,Crédito Vehicular,87449.99,0.0,87449.99,100.0,28.49,1,87449.99
2025-04-01,2025,04,OF. PRINCIPAL,Zona Lima,Crédito Efectivo Personal,59072.19,59072.19,0.0,0.0,31.65,1,59072.19
2025-04-01,2025,04,OF. PRINCIPAL,Zona Lima,Tarjeta de Crédito CMR,189327.45,189327.45,0.0,0.0,25.24,1,189327.45
2025-05-01,2025,05,AG. LIMA 1,Zona Lima,Crédito PYME Comercial,348984.98,348984.98,0.0,0.0,28.62,2,174492.49
2025-05-01,2025,05,AG. LIMA 2,Zona Lima,Crédito Efectivo Personal,80283.11,80283.11,0.0,0.0,32.31,1,80283.11
2025-05-01,2025,05,AG. LIMA 2,Zona Lima,Crédito Vehicular,79490.33,79490.33,0.0,0.0,19.03,1,79490.33
2025-05-01,2025,05,AG. NORTE 6,Zona Norte,Crédito PYME Comercial,179202.64,179202.64,0.0,0.0,18.25,1,179202.64
2025-05-01,2025,05,AG. NORTE 6,Zona Norte,Tarjeta de Crédito CMR,167367.09,167367.09,0.0,0.0,21.84,1,167367.09
2025-05-01,2025,05,AG. ORIENTE 2,Zona Oriente,Crédito Efectivo Personal,153579.94,0.0,153579.94,100.0,18.67,1,153579.94
2025-05-01,2025,05,AG. ORIENTE 2,Zona Oriente,Tarjeta de Crédito CMR,206082.92,0.0,206082.92,100.0,23.77,1,206082.92
2025-05-01,2025,05,AG. SUR 1,Zona Sur,Crédito PYME Comercial,246308.17,246308.17,0.0,0.0,26.45,2,123154.09
2025-05-01,2025,05,AG. SUR 2,Zona Sur,Crédito PYME Comercial,60786.17,60786.17,0.0,0.0,34.07,1,60786.17
2025-05-01,2025,05,AG. SUR 2,Zona Sur,Tarjeta de Crédito CMR,146961.65,146961.65,0.0,0.0,27.64,1,146961.65
2025-05-01,2025,05,AG. SUR 3,Zona Sur,Crédito Vehicular,246447.55,0.0,246447.55,100.0,19.94,1,246447.55
2025-05-01,2025,05,AG. SUR 3,Zona Sur,Tarjeta de Crédito CMR,179641.24,0.0,179641.24,100.0,34.22,1,179641.24
2025-05-01,2025,05,OF. PRINCIPAL,Zona Lima,Crédito Vehicular,161840.67,161840.67,0.0,0.0,33.18,1,161840.67
2025-05-01,2025,05,OF. PRINCIPAL,Zona Lima,Tarjeta de Crédito CMR,194491.95,194491.95,0.0,0.0,33.11,1,194491.95
2025-06-01,2025,06,AG. LIMA 1,Zona Lima,Crédito Efectivo Personal,38134.76,0.0,38134.76,100.0,19.04,1,38134.76
2025-06-01,2025,06,AG. LIMA 1,Zona Lima,Tarjeta de Crédito CMR,230885.06,0.0,230885.06,100.0,22.58,1,230885.06
2025-06-01,2025,06,AG. LIMA 2,Zona Lima,Crédito Efectivo Personal,200326.78,0.0,200326.78,100.0,25.95,1,200326.78
2025-06-01,2025,06,AG. LIMA 2,Zona Lima,Crédito Vehicular,104895.29,0.0,104895.29,100.0,33.29,1,104895.29
2025-06-01,2025,06,AG. NORTE 6,Zona Norte,Crédito Vehicular,349818.45,0.0,349818.45,100.0,24.59,2,174909.23
2025-06-01,2025,06,AG. ORIENTE 2,Zona Oriente,Crédito Vehicular,152214.93,0.0,152214.93,100.0,33.76,1,152214.93
2025-06-01,2025,06,AG. ORIENTE 2,Zona Oriente,Tarjeta de Crédito CMR,135557.68,0.0,135557.68,100.0,32.73,1,135557.68
2025-06-01,2025,06,AG. SUR 1,Zona Sur,Crédito Efectivo Personal,246394.26,0.0,246394.26,100.0,32.72,1,246394.26
2025-06-01,2025,06,AG. SUR 1,Zona Sur,Crédito PYME Comercial,118129.17,0.0,118129.17,100.0,19.51,1,118129.17
2025-06-01,2025,06,AG. SUR 2,Zona Sur,Crédito PYME Comercial,156614.55,0.0,156614.55,100.0,26.67,2,78307.27
2025-06-01,2025,06,AG. SUR 3,Zona Sur,Crédito Efectivo Personal,109822.77,0.0,109822.77,100.0,32.95,1,109822.77
2025-06-01,2025,06,AG. SUR 3,Zona Sur,Crédito Vehicular,135234.08,0.0,135234.08,100.0,33.11,1,135234.08
2025-06-01,2025,06,OF. PRINCIPAL,Zona Lima,Crédito Efectivo Personal,546719.19,343037.51,203681.68,37.26,19.23,10,54671.92
2025-06-01,2025,06,OF. PRINCIPAL,Zona Lima,Crédito PYME Comercial,167228.06,0.0,167228.06,100.0,24.41,2,83614.03
2025-06-01,2025,06,OF. PRINCIPAL,Zona Lima,Crédito Vehicular,192737.63,96034.04,96703.59,50.17,20.62,2,96368.82
2025-07-01,2025,07,AG. LIMA 1,Zona Lima,Crédito Vehicular,325791.7,325791.7,0.0,0.0,29.22,2,162895.85
2025-07-01,2025,07,AG. LIMA 2,Zona Lima,Crédito PYME Comercial,51171.23,51171.23,0.0,0.0,19.01,1,51171.23
2025-07-01,2025,07,AG. LIMA 2,Zona Lima,Tarjeta de Crédito CMR,100522.13,100522.13,0.0,0.0,28.0,1,100522.13
2025-07-01,2025,07,AG. NORTE 6,Zona Norte,Crédito PYME Comercial,118784.94,118784.94,0.0,0.0,28.74,1,118784.94
2025-07-01,2025,07,AG. NORTE 6,Zona Norte,Tarjeta de Crédito CMR,117254.78,117254.78,0.0,0.0,23.76,1,117254.78
2025-07-01,2025,07,AG. ORIENTE 2,Zona Oriente,Crédito Efectivo Personal,357105.23,0.0,357105.23,100.0,23.26,2,178552.61
2025-07-01,2025,07,AG. SUR 1,Zona Sur,Crédito PYME Comercial,222963.5,222963.5,0.0,0.0,25.38,1,222963.5
2025-07-01,2025,07,AG. SUR 1,Zona Sur,Tarjeta de Crédito CMR,243800.49,243800.49,0.0,0.0,32.66,1,243800.49
2025-07-01,2025,07,AG. SUR 2,Zona Sur,Crédito Efectivo Personal,196229.36,196229.36,0.0,0.0,32.13,1,196229.36
2025-07-01,2025,07,AG. SUR 2,Zona Sur,Crédito PYME Comercial,50271.22,50271.22,0.0,0.0,33.09,1,50271.22
2025-07-01,2025,07,AG. SUR 3,Zona Sur,Crédito PYME Comercial,110195.68,0.0,110195.68,100.0,24.74,1,110195.68
2025-07-01,2025,07,AG. SUR 3,Zona Sur,Tarjeta de Crédito CMR,47964.6,0.0,47964.6,100.0,28.36,1,47964.6
2025-07-01,2025,07,OF. PRINCIPAL,Zona Lima,Crédito Efectivo Personal,426744.24,418232.96,8511.28,1.99,20.3,6,71124.04
2025-07-01,2025,07,OF. PRINCIPAL,Zona Lima,Crédito PYME Comercial,199920.96,106200.3,93720.66,46.88,17.95,5,39984.19
2025-07-01,2025,07,OF. PRINCIPAL,Zona Lima,Crédito Vehicular,341851.45,126733.86,215117.59,62.93,16.98,6,56975.24
2025-08-01,2025,08,AG. LIMA 1,Zona Lima,Crédito PYME Comercial,191641.09,191641.09,0.0,0.0,23.26,1,191641.09
2025-08-01,2025,08,AG. LIMA 1,Zona Lima,Tarjeta de Crédito CMR,215925.74,215925.74,0.0,0.0,24.62,1,215925.74
2025-08-01,2025,08,AG. LIMA 2,Zona Lima,Crédito PYME Comercial,243410.09,243410.09,0.0,0.0,34.26,1,243410.09
2025-08-01,2025,08,AG. LIMA 2,Zona Lima,Tarjeta de Crédito CMR,205853.35,205853.35,0.0,0.0,28.06,1,205853.35
2025-08-01,2025,08,AG. NORTE 6,Zona Norte,Crédito Efectivo Personal,64211.81,64211.81,0.0,0.0,19.85,1,64211.81
2025-08-01,2025,08,AG. NORTE 6,Zona Norte,Tarjeta de Crédito CMR,179024.7,179024.7,0.0,0.0,24.52,1,179024.7
2025-08-01,2025,08,AG. ORIENTE 2,Zona Oriente,Crédito Vehicular,204458.19,0.0,204458.19,100.0,24.91,1,204458.19
2025-08-01,2025,08,AG. ORIENTE 2,Zona Oriente,Tarjeta de Crédito CMR,194753.79,0.0,194753.79,100.0,31.61,1,194753.79
2025-08-01,2025,08,AG. SUR 1,Zona Sur,Crédito Efectivo Personal,62226.27,62226.27,0.0,0.0,34.73,1,62226.27
2025-08-01,2025,08,AG. SUR 1,Zona Sur,Crédito Vehicular,148187.29,148187.29,0.0,0.0,33.18,1,148187.29
2025-08-01,2025,08,AG. SUR 2,Zona Sur,Crédito PYME Comercial,131004.44,131004.44,0.0,0.0,32.35,1,131004.44
2025-08-01,2025,08,AG. SUR 2,Zona Sur,Crédito Vehicular,244936.84,244936.84,0.0,0.0,21.28,1,244936.84
2025-08-01,2025,08,AG. SUR 3,Zona Sur,Crédito PYME Comercial,96337.27,0.0,96337.27,100.0,26.5,1,96337.27
2025-08-01,2025,08,AG. SUR 3,Zona Sur,Tarjeta de Crédito CMR,249505.76,0.0,249505.76,100.0,32.03,1,249505.76
2025-08-01,2025,08,OF. PRINCIPAL,Zona Lima,Crédito Efectivo Personal,514318.52,363669.31,150649.21,29.29,19.14,8,64289.82
2025-08-01,2025,08,OF. PRINCIPAL,Zona Lima,Crédito PYME Comercial,470067.49,277207.2,192860.29,41.03,20.42,8,58758.44
2025-08-01,2025,08,OF. PRINCIPAL,Zona Lima,Crédito Vehicular,508244.86,372177.27,136067.59,26.77,17.1,9,56471.65
2025-08-01,2025,08,OF. PRINCIPAL,Zona Lima,Tarjeta de Crédito CMR,52227.38,52227.38,0.0,0.0,28.1,1,52227.38
2025-09-01,2025,09,AG. LIMA 1,Zona Lima,Crédito Vehicular,318234.29,0.0,318234.29,100.0,31.5,2,159117.14
2025-09-01,2025,09,AG. LIMA 2,Zona Lima,Crédito Efectivo Personal,215741.8,0.0,215741.8,100.0,22.05,1,215741.8
2025-09-01,2025,09,AG. LIMA 2,Zona Lima,Crédito PYME Comercial,120111.65,0.0,120111.65,100.0,32.68,1,120111.65
2025-09-01,2025,09,AG. NORTE 6,Zona Norte,Crédito Efectivo Personal,44394.79,0.0,44394.79,100.0,31.38,1,44394.79
2025-09-01,2025,09,AG. NORTE 6,Zona Norte,Crédito PYME Comercial,175623.38,0.0,175623.38,100.0,34.88,1,175623.38
2025-09-01,2025,09,AG. ORIENTE 2,Zona Oriente,Crédito PYME Comercial,70490.67,0.0,70490.67,100.0,26.31,1,70490.67
2025-09-01,2025,09,AG. ORIENTE 2,Zona Oriente,Crédito Vehicular,94371.03,0.0,94371.03,100.0,22.82,1,94371.03
2025-09-01,2025,09,AG. SUR 1,Zona Sur,Crédito PYME Comercial,192667.68,0.0,192667.68,100.0,21.51,1,192667.68
2025-09-01,2025,09,AG. SUR 1,Zona Sur,Crédito Vehicular,72912.51,0.0,72912.51,100.0,25.52,1,72912.51
2025-09-01,2025,09,AG. SUR 2,Zona Sur,Crédito Vehicular,315609.58,0.0,315609.58,100.0,27.43,2,157804.79
2025-09-01,2025,09,AG. SUR 3,Zona Sur,Crédito Efectivo Personal,181128.62,0.0,181128.62,100.0,23.85,2,90564.31
2025-09-01,2025,09,OF. PRINCIPAL,Zona Lima,Crédito Efectivo Personal,358446.75,94109.9,264336.85,73.75,19.09,9,39827.42
2025-09-01,2025,09,OF. PRINCIPAL,Zona Lima,Crédito PYME Comercial,186386.86,152135.81,34251.05,18.38,20.09,3,62128.95
2025-09-01,2025,09,OF. PRINCIPAL,Zona Lima,Crédito Vehicular,91700.86,60693.68,31007.18,33.81,22.44,2,45850.43
2025-09-01,2025,09,OF. PRINCIPAL,Zona Lima,Tarjeta de Crédito CMR,340807.78,0.0,340807.78,100.0,29.45,2,170403.89
2025-10-01,2025,10,AG. LIMA 1,Zona Lima,Crédito Efectivo Personal,37520.42,37520.42,0.0,0.0,22.68,1,37520.42
2025-10-01,2025,10,AG. LIMA 1,Zona Lima,Crédito PYME Comercial,40697.04,40697.04,0.0,0.0,22.7,1,40697.04
2025-10-01,2025,10,AG. LIMA 2,Zona Lima,Crédito Vehicular,73480.52,73480.52,0.0,0.0,21.13,1,73480.52
2025-10-01,2025,10,AG. LIMA 2,Zona Lima,Tarjeta de Crédito CMR,77113.64,77113.64,0.0,0.0,25.75,1,77113.64
2025-10-01,2025,10,AG. NORTE 6,Zona Norte,Tarjeta de Crédito CMR,325358.4,325358.4,0.0,0.0,25.36,2,162679.2
2025-10-01,2025,10,AG. ORIENTE 2,Zona Oriente,Crédito Efectivo Personal,185807.42,0.0,185807.42,100.0,34.59,1,185807.42
2025-10-01,2025,10,AG. ORIENTE 2,Zona Oriente,Crédito Vehicular,89776.22,0.0,89776.22,100.0,24.57,1,89776.22
2025-10-01,2025,10,AG. SUR 1,Zona Sur,Crédito Vehicular,270046.67,270046.67,0.0,0.0,22.64,2,135023.33
2025-10-01,2025,10,AG. SUR 2,Zona Sur,Crédito PYME Comercial,177707.33,177707.33,0.0,0.0,27.59,2,88853.66
2025-10-01,2025,10,AG. SUR 3,Zona Sur,Crédito Vehicular,134713.22,0.0,134713.22,100.0,30.46,1,134713.22
2025-10-01,2025,10,AG. SUR 3,Zona Sur,Tarjeta de Crédito CMR,111824.48,0.0,111824.48,100.0,18.08,1,111824.48
2025-10-01,2025,10,OF. PRINCIPAL,Zona Lima,Crédito Efectivo Personal,369862.47,281450.37,88412.1,23.9,21.83,6,61643.74
2025-10-01,2025,10,OF. PRINCIPAL,Zona Lima,Crédito PYME Comercial,276494.0,122605.94,153888.06,55.66,18.61,6,46082.33
2025-10-01,2025,10,OF. PRINCIPAL,Zona Lima,Crédito Vehicular,431258.62,313371.78,117886.84,27.34,18.96,9,47917.62
2025-10-01,2025,10,OF. PRINCIPAL,Zona Lima,Tarjeta de Crédito CMR,116888.15,116888.15,0.0,0.0,25.35,2,58444.07
2025-11-01,2025,11,AG. LIMA 1,Zona Lima,Crédito Vehicular,123236.32,123236.32,0.0,0.0,22.36,2,61618.16
2025-11-01,2025,11,AG. LIMA 2,Zona Lima,Crédito PYME Comercial,238784.92,238784.92,0.0,0.0,23.67,1,238784.92
2025-11-01,2025,11,AG. LIMA 2,Zona Lima,Tarjeta de Crédito CMR,145456.4,145456.4,0.0,0.0,22.54,1,145456.4
2025-11-01,2025,11,AG. NORTE 6,Zona Norte,Tarjeta de Crédito CMR,424493.21,424493.21,0.0,0.0,26.31,2,212246.61
2025-11-01,2025,11,AG. ORIENTE 2,Zona Oriente,Crédito Efectivo Personal,94056.17,0.0,94056.17,100.0,32.76,1,94056.17
2025-11-01,2025,11,AG. ORIENTE 2,Zona Oriente,Crédito PYME Comercial,199102.34,0.0,199102.34,100.0,30.7,1,199102.34
2025-11-01,2025,11,AG. SUR 1,Zona Sur,Crédito Efectivo Personal,85827.9,85827.9,0.0,0.0,29.54,1,85827.9
2025-11-01,2025,11,AG. SUR 1,Zona Sur,Crédito Vehicular,218504.95,218504.95,0.0,0.0,33.84,1,218504.95
2025-11-01,2025,11,AG. SUR 2,Zona Sur,Crédito Efectivo Personal,157666.64,157666.64,0.0,0.0,28.38,1,157666.64
2025-11-01,2025,11,AG. SUR 2,Zona Sur,Tarjeta de Crédito CMR,238831.57,238831.57,0.0,0.0,21.66,1,238831.57
2025-11-01,2025,11,AG. SUR 3,Zona Sur,Crédito Efectivo Personal,116930.73,0.0,116930.73,100.0,34.85,1,116930.73
2025-11-01,2025,11,AG. SUR 3,Zona Sur,Crédito PYME Comercial,179650.19,0.0,179650.19,100.0,30.94,1,179650.19
2025-11-01,2025,11,OF. PRINCIPAL,Zona Lima,Crédito Efectivo Personal,461014.51,395908.4,65106.11,14.12,18.5,6,76835.75
2025-11-01,2025,11,OF. PRINCIPAL,Zona Lima,Crédito PYME Comercial,475420.17,410603.64,64816.53,13.63,17.63,7,67917.17
2025-11-01,2025,11,OF. PRINCIPAL,Zona Lima,Crédito Vehicular,204039.94,204039.94,0.0,0.0,19.59,4,51009.99
2025-12-01,2025,12,AG. LIMA 1,Zona Lima,Crédito Vehicular,43559.26,0.0,43559.26,100.0,18.45,1,43559.26
2025-12-01,2025,12,AG. LIMA 1,Zona Lima,Tarjeta de Crédito CMR,199972.92,0.0,199972.92,100.0,30.51,1,199972.92
2025-12-01,2025,12,AG. LIMA 2,Zona Lima,Crédito Vehicular,158365.46,0.0,158365.46,100.0,20.84,1,158365.46
2025-12-01,2025,12,AG. LIMA 2,Zona Lima,Tarjeta de Crédito CMR,136048.47,0.0,136048.47,100.0,30.17,1,136048.47
2025-12-01,2025,12,AG. NORTE 6,Zona Norte,Crédito Vehicular,178429.5,0.0,178429.5,100.0,34.23,2,89214.75
2025-12-01,2025,12,AG. ORIENTE 2,Zona Oriente,Crédito Vehicular,161250.19,0.0,161250.19,100.0,33.06,1,161250.19
2025-12-01,2025,12,AG. ORIENTE 2,Zona Oriente,Tarjeta de Crédito CMR,93275.63,0.0,93275.63,100.0,30.33,1,93275.63
2025-12-01,2025,12,AG. SUR 1,Zona Sur,Crédito PYME Comercial,170533.9,0.0,170533.9,100.0,27.96,1,170533.9
2025-12-01,2025,12,AG. SUR 1,Zona Sur,Crédito Vehicular,82729.1,0.0,82729.1,100.0,32.87,1,82729.1
2025-12-01,2025,12,AG. SUR 2,Zona Sur,Crédito PYME Comercial,173292.41,0.0,173292.41,100.0,19.95,1,173292.41
2025-12-01,2025,12,AG. SUR 2,Zona Sur,Crédito Vehicular,122714.23,0.0,122714.23,100.0,32.08,1,122714.23
2025-12-01,2025,12,AG. SUR 3,Zona Sur,Crédito Vehicular,278203.81,0.0,278203.81,100.0,21.95,2,139101.9
2025-12-01,2025,12,OF. PRINCIPAL,Zona Lima,Crédito Efectivo Personal,208424.37,113536.2,94888.17,45.53,19.02,4,52106.09
2025-12-01,2025,12,OF. PRINCIPAL,Zona Lima,Crédito PYME Comercial,276893.83,11676.66,265217.17,95.78,20.68,5,55378.77
2025-12-01,2025,12,OF. PRINCIPAL,Zona Lima,Crédito Vehicular,365742.33,167522.14,198220.19,54.2,19.62,6,60957.06
2026-01-01,2026,01,AG. LIMA 1,Zona Lima,Crédito Efectivo Personal,72118.3,72118.3,0.0,0.0,31.47,1,72118.3
2026-01-01,2026,01,AG. LIMA 1,Zona Lima,Tarjeta de Crédito CMR,167375.26,167375.26,0.0,0.0,34.4,1,167375.26
2026-01-01,2026,01,AG. LIMA 2,Zona Lima,Crédito Vehicular,126801.84,126801.84,0.0,0.0,27.53,1,126801.84
2026-01-01,2026,01,AG. LIMA 2,Zona Lima,Tarjeta de Crédito CMR,74609.26,74609.26,0.0,0.0,32.27,1,74609.26
2026-01-01,2026,01,AG. NORTE 6,Zona Norte,Crédito Efectivo Personal,52887.53,52887.53,0.0,0.0,23.86,1,52887.53
2026-01-01,2026,01,AG. NORTE 6,Zona Norte,Crédito Vehicular,231682.84,231682.84,0.0,0.0,20.05,1,231682.84
2026-01-01,2026,01,AG. ORIENTE 2,Zona Oriente,Crédito PYME Comercial,133073.66,0.0,133073.66,100.0,34.3,1,133073.66
2026-01-01,2026,01,AG. ORIENTE 2,Zona Oriente,Crédito Vehicular,248124.89,0.0,248124.89,100.0,29.54,1,248124.89
2026-01-01,2026,01,AG. SUR 1,Zona Sur,Crédito Efectivo Personal,40572.61,40572.61,0.0,0.0,30.82,1,40572.61
2026-01-01,2026,01,AG. SUR 1,Zona Sur,Tarjeta de Crédito CMR,81149.15,81149.15,0.0,0.0,24.41,1,81149.15
2026-01-01,2026,01,AG. SUR 2,Zona Sur,Crédito Efectivo Personal,32660.33,32660.33,0.0,0.0,34.95,1,32660.33
2026-01-01,2026,01,AG. SUR 2,Zona Sur,Crédito Vehicular,34255.12,34255.12,0.0,0.0,25.48,1,34255.12
2026-01-01,2026,01,AG. SUR 3,Zona Sur,Crédito Efectivo Personal,193268.35,0.0,193268.35,100.0,30.77,1,193268.35
2026-01-01,2026,01,AG. SUR 3,Zona Sur,Crédito PYME Comercial,172702.22,0.0,172702.22,100.0,26.52,1,172702.22
2026-01-01,2026,01,OF. PRINCIPAL,Zona Lima,Crédito Efectivo Personal,274759.05,200498.56,74260.49,27.03,17.68,5,54951.81
2026-01-01,2026,01,OF. PRINCIPAL,Zona Lima,Crédito PYME Comercial,259360.08,215055.11,44304.97,17.08,21.63,6,43226.68
2026-01-01,2026,01,OF. PRINCIPAL,Zona Lima,Crédito Vehicular,424160.06,240247.41,183912.65,43.36,17.39,7,60594.29
2026-02-01,2026,02,AG. LIMA 1,Zona Lima,Crédito Efectivo Personal,351377.7,351377.7,0.0,0.0,21.66,2,175688.85
2026-02-01,2026,02,AG. LIMA 2,Zona Lima,Crédito PYME Comercial,207161.87,207161.87,0.0,0.0,28.84,1,207161.87
2026-02-01,2026,02,AG. LIMA 2,Zona Lima,Crédito Vehicular,201671.49,201671.49,0.0,0.0,34.11,1,201671.49
2026-02-01,2026,02,AG. NORTE 6,Zona Norte,Crédito Efectivo Personal,245314.21,245314.21,0.0,0.0,32.2,1,245314.21
2026-02-01,2026,02,AG. NORTE 6,Zona Norte,Crédito PYME Comercial,1000.0,1000.0,0.0,0.0,40.92,1,1000.0
2026-02-01,2026,02,AG. NORTE 6,Zona Norte,Tarjeta de Crédito CMR,116213.31,116213.31,0.0,0.0,31.03,1,116213.31
2026-02-01,2026,02,AG. ORIENTE 2,Zona Oriente,Crédito PYME Comercial,145954.65,0.0,145954.65,100.0,29.96,1,145954.65
2026-02-01,2026,02,AG. ORIENTE 2,Zona Oriente,Crédito Vehicular,38428.04,0.0,38428.04,100.0,23.06,1,38428.04
2026-02-01,2026,02,AG. SUR 1,Zona Sur,Crédito Efectivo Personal,40131.81,40131.81,0.0,0.0,23.95,1,40131.81
2026-02-01,2026,02,AG. SUR 1,Zona Sur,Crédito PYME Comercial,3000.0,3000.0,0.0,0.0,40.92,1,3000.0
2026-02-01,2026,02,AG. SUR 1,Zona Sur,Tarjeta de Crédito CMR,176161.87,176161.87,0.0,0.0,32.65,1,176161.87
2026-02-01,2026,02,AG. SUR 2,Zona Sur,Crédito Efectivo Personal,195297.46,195297.46,0.0,0.0,29.98,2,97648.73
2026-02-01,2026,02,AG. SUR 2,Zona Sur,Crédito PYME Comercial,4000.0,4000.0,0.0,0.0,43.17,4,1000.0
2026-02-01,2026,02,AG. SUR 3,Zona Sur,Tarjeta de Crédito CMR,470027.5,0.0,470027.5,100.0,26.23,2,235013.75
2026-02-01,2026,02,OF. PRINCIPAL,Zona Lima,Crédito Efectivo Personal,285552.85,182078.44,103474.41,36.24,18.02,6,47592.14
2026-02-01,2026,02,OF. PRINCIPAL,Zona Lima,Crédito PYME Comercial,414762.94,412897.06,1865.88,0.45,20.37,6,69127.16
2026-02-01,2026,02,OF. PRINCIPAL,Zona Lima,Crédito Vehicular,123457.38,71018.09,52439.29,42.48,16.66,4,30864.35
2026-03-01,2026,03,AG. LIMA 1,Zona Lima,Crédito PYME Comercial,173323.43,0.0,173323.43,100.0,33.5,1,173323.43
2026-03-01,2026,03,AG. LIMA 1,Zona Lima,Crédito Vehicular,37535.86,0.0,37535.86,100.0,31.51,1,37535.86
2026-03-01,2026,03,AG. LIMA 2,Zona Lima,Crédito PYME Comercial,369369.99,0.0,369369.99,100.0,25.2,2,184684.99
2026-03-01,2026,03,AG. NORTE 6,Zona Norte,Crédito Vehicular,40186.88,0.0,40186.88,100.0,22.3,1,40186.88
2026-03-01,2026,03,AG. NORTE 6,Zona Norte,Tarjeta de Crédito CMR,84995.02,0.0,84995.02,100.0,30.44,1,84995.02
2026-03-01,2026,03,AG. ORIENTE 2,Zona Oriente,Crédito Efectivo Personal,61393.22,0.0,61393.22,100.0,30.01,1,61393.22
2026-03-01,2026,03,AG. ORIENTE 2,Zona Oriente,Crédito Vehicular,127361.59,0.0,127361.59,100.0,34.35,1,127361.59
2026-03-01,2026,03,AG. SUR 1,Zona Sur,Crédito Vehicular,129510.27,0.0,129510.27,100.0,31.14,1,129510.27
2026-03-01,2026,03,AG. SUR 1,Zona Sur,Tarjeta de Crédito CMR,180127.63,0.0,180127.63,100.0,22.3,1,180127.63
2026-03-01,2026,03,AG. SUR 2,Zona Sur,Crédito Efectivo Personal,109484.8,0.0,109484.8,100.0,21.04,1,109484.8
2026-03-01,2026,03,AG. SUR 2,Zona Sur,Crédito PYME Comercial,33097.98,0.0,33097.98,100.0,28.57,1,33097.98
2026-03-01,2026,03,AG. SUR 3,Zona Sur,Crédito Efectivo Personal,244492.43,0.0,244492.43,100.0,22.91,2,122246.21
2026-03-01,2026,03,OF. PRINCIPAL,Zona Lima,Crédito Efectivo Personal,447507.34,170223.76,277283.58,61.96,19.08,9,49723.04
2026-03-01,2026,03,OF. PRINCIPAL,Zona Lima,Crédito PYME Comercial,289506.25,55285.01,234221.24,80.9,18.17,6,48251.04
2026-03-01,2026,03,OF. PRINCIPAL,Zona Lima,Crédito Vehicular,113982.65,41321.32,72661.33,63.75,19.97,4,28495.66
2026-03-01,2026,03,OF. PRINCIPAL,Zona Lima,Tarjeta de Crédito CMR,55585.63,0.0,55585.63,100.0,28.53,1,55585.63
2026-04-01,2026,04,AG. LIMA 1,Zona Lima,Crédito Efectivo Personal,58361.29,58361.29,0.0,0.0,32.06,1,58361.29
2026-04-01,2026,04,AG. LIMA 1,Zona Lima,Tarjeta de Crédito CMR,136249.46,136249.46,0.0,0.0,23.29,1,136249.46
2026-04-01,2026,04,AG. LIMA 2,Zona Lima,Crédito Vehicular,161680.57,161680.57,0.0,0.0,31.15,1,161680.57
2026-04-01,2026,04,AG. LIMA 2,Zona Lima,Tarjeta de Crédito CMR,32921.08,32921.08,0.0,0.0,27.99,1,32921.08
2026-04-01,2026,04,AG. NORTE 6,Zona Norte,Crédito PYME Comercial,329271.15,329271.15,0.0,0.0,24.29,2,164635.58
2026-04-01,2026,04,AG. ORIENTE 2,Zona Oriente,Crédito Efectivo Personal,72187.93,0.0,72187.93,100.0,27.32,1,72187.93
2026-04-01,2026,04,AG. ORIENTE 2,Zona Oriente,Crédito Vehicular,75294.73,0.0,75294.73,100.0,23.49,1,75294.73
2026-04-01,2026,04,AG. SUR 1,Zona Sur,Crédito Efectivo Personal,208796.91,208796.91,0.0,0.0,25.59,2,104398.46
2026-04-01,2026,04,AG. SUR 2,Zona Sur,Crédito Efectivo Personal,324960.89,324960.89,0.0,0.0,27.02,2,162480.45
2026-04-01,2026,04,AG. SUR 3,Zona Sur,Crédito Vehicular,194991.54,0.0,194991.54,100.0,22.62,2,97495.77
2026-04-01,2026,04,OF. PRINCIPAL,Zona Lima,Crédito Efectivo Personal,358696.94,163613.63,195083.31,54.39,19.97,8,44837.12
2026-04-01,2026,04,OF. PRINCIPAL,Zona Lima,Crédito PYME Comercial,147156.33,23495.69,123660.64,84.03,16.69,4,36789.08
2026-04-01,2026,04,OF. PRINCIPAL,Zona Lima,Crédito Vehicular,107855.39,28048.27,79807.12,73.99,21.86,3,35951.8
2026-04-01,2026,04,OF. PRINCIPAL,Zona Lima,Tarjeta de Crédito CMR,208387.61,208387.61,0.0,0.0,30.29,1,208387.61
2026-05-01,2026,05,AG. LIMA 1,Zona Lima,Crédito Vehicular,35034.06,35034.06,0.0,0.0,24.32,1,35034.06
2026-05-01,2026,05,AG. LIMA 1,Zona Lima,Tarjeta de Crédito CMR,89671.15,89671.15,0.0,0.0,30.45,1,89671.15
2026-05-01,2026,05,AG. LIMA 2,Zona Lima,Crédito PYME Comercial,196590.07,196590.07,0.0,0.0,23.56,1,196590.07
2026-05-01,2026,05,AG. LIMA 2,Zona Lima,Tarjeta de Crédito CMR,119911.27,119911.27,0.0,0.0,33.3,1,119911.27
2026-05-01,2026,05,AG. NORTE 6,Zona Norte,Crédito PYME Comercial,46845.34,46845.34,0.0,0.0,25.81,1,46845.34
2026-05-01,2026,05,AG. NORTE 6,Zona Norte,Crédito Vehicular,160048.59,160048.59,0.0,0.0,29.57,1,160048.59
2026-05-01,2026,05,AG. ORIENTE 2,Zona Oriente,Crédito Efectivo Personal,53301.63,0.0,53301.63,100.0,27.34,1,53301.63
2026-05-01,2026,05,AG. ORIENTE 2,Zona Oriente,Tarjeta de Crédito CMR,180441.81,0.0,180441.81,100.0,20.42,1,180441.81
2026-05-01,2026,05,AG. SUR 1,Zona Sur,Crédito Vehicular,136562.33,136562.33,0.0,0.0,31.8,2,68281.16
2026-05-01,2026,05,AG. SUR 2,Zona Sur,Crédito PYME Comercial,85662.58,85662.58,0.0,0.0,26.24,1,85662.58
2026-05-01,2026,05,AG. SUR 2,Zona Sur,Tarjeta de Crédito CMR,244754.22,244754.22,0.0,0.0,24.31,1,244754.22
2026-05-01,2026,05,AG. SUR 3,Zona Sur,Crédito Efectivo Personal,228210.54,0.0,228210.54,100.0,34.34,1,228210.54
2026-05-01,2026,05,AG. SUR 3,Zona Sur,Crédito Vehicular,212632.43,0.0,212632.43,100.0,26.36,1,212632.43
2026-05-01,2026,05,OF. PRINCIPAL,Zona Lima,Crédito Efectivo Personal,528368.62,416171.25,112197.37,21.23,19.27,9,58707.62
2026-05-01,2026,05,OF. PRINCIPAL,Zona Lima,Crédito PYME Comercial,210825.82,210825.82,0.0,0.0,16.59,5,42165.16
2026-05-01,2026,05,OF. PRINCIPAL,Zona Lima,Crédito Vehicular,540764.0,540764.0,0.0,0.0,21.35,6,90127.33
2026-06-01,2026,06,AG. LIMA 1,Zona Lima,Crédito PYME Comercial,57166.38,0.0,57166.38,100.0,22.87,1,57166.38
2026-06-01,2026,06,AG. LIMA 1,Zona Lima,Tarjeta de Crédito CMR,159097.16,0.0,159097.16,100.0,18.92,1,159097.16
2026-06-01,2026,06,AG. LIMA 2,Zona Lima,Crédito Efectivo Personal,153631.31,0.0,153631.31,100.0,31.54,1,153631.31
2026-06-01,2026,06,AG. LIMA 2,Zona Lima,Tarjeta de Crédito CMR,46396.92,0.0,46396.92,100.0,23.06,1,46396.92
2026-06-01,2026,06,AG. NORTE 6,Zona Norte,Crédito PYME Comercial,679214.24,501001.0,178213.24,26.24,36.65,3,226404.75
2026-06-01,2026,06,AG. NORTE 6,Zona Norte,Crédito Vehicular,115475.77,0.0,115475.77,100.0,18.06,1,115475.77
2026-06-01,2026,06,AG. ORIENTE 2,Zona Oriente,Crédito Efectivo Personal,100486.74,0.0,100486.74,100.0,33.95,1,100486.74
2026-06-01,2026,06,AG. ORIENTE 2,Zona Oriente,Tarjeta de Crédito CMR,139768.99,0.0,139768.99,100.0,28.6,1,139768.99
2026-06-01,2026,06,AG. SUR 1,Zona Sur,Crédito PYME Comercial,8999.0,8999.0,0.0,0.0,41.92,3,2999.67
2026-06-01,2026,06,AG. SUR 1,Zona Sur,Crédito Vehicular,56408.14,0.0,56408.14,100.0,25.44,1,56408.14
2026-06-01,2026,06,AG. SUR 1,Zona Sur,Tarjeta de Crédito CMR,86220.86,0.0,86220.86,100.0,29.19,1,86220.86
2026-06-01,2026,06,AG. SUR 2,Zona Sur,Crédito Efectivo Personal,110347.93,0.0,110347.93,100.0,19.05,1,110347.93
2026-06-01,2026,06,AG. SUR 2,Zona Sur,Crédito PYME Comercial,6000.0,6000.0,0.0,0.0,42.42,2,3000.0
2026-06-01,2026,06,AG. SUR 2,Zona Sur,Crédito Vehicular,217834.51,0.0,217834.51,100.0,23.49,1,217834.51
2026-06-01,2026,06,AG. SUR 3,Zona Sur,Tarjeta de Crédito CMR,190733.04,0.0,190733.04,100.0,29.45,2,95366.52
2026-06-01,2026,06,OF. PRINCIPAL,Zona Lima,Crédito Efectivo Personal,337252.07,89992.77,247259.3,73.32,17.97,5,67450.41
2026-06-01,2026,06,OF. PRINCIPAL,Zona Lima,Crédito PYME Comercial,160777.75,160777.75,0.0,0.0,18.28,3,53592.58
2026-06-01,2026,06,OF. PRINCIPAL,Zona Lima,Crédito Vehicular,84344.83,52599.25,31745.58,37.64,26.84,2,42172.42
